REGION,PROVINCIA,COMUNA,AREA,DC,ZC_LOC,NOM_LOCALIDAD,ID_ZONA_LOC,REGION_15R,PROVINCIA_15R,COMUNA_15R
16,161,16101,1,1,1,,9423,8,84,8401
16,161,16101,1,1,2,,7523,8,84,8401
16,161,16101,1,1,3,,293,8,84,8401
16,161,16101,1,1,4,,5294,8,84,8401
16,161,16101,1,2,1,,4484,8,84,8401
16,161,16101,1,2,2,,9740,8,84,8401
16,161,16101,1,2,3,,6692,8,84,8401
16,161,16101,1,2,4,,11621,8,84,8401
16,161,16101,1,3,1,,15957,8,84,8401
16,161,16101,1,3,2,,7544,8,84,8401
16,161,16101,1,3,3,,14653,8,84,8401
16,161,16101,1,3,4,,9815,8,84,8401
16,161,16101,1,4,1,,126,8,84,8401
16,161,16101,1,4,2,,6960,8,84,8401
16,161,16101,1,4,3,,3321,8,84,8401
16,161,16101,1,4,4,,10348,8,84,8401
16,161,16101,1,5,1,,10491,8,84,8401
16,161,16101,1,5,2,,14213,8,84,8401
16,161,16101,1,5,3,,10087,8,84,8401
16,161,16101,1,5,4,,15359,8,84,8401
16,161,16101,1,5,5,,1378,8,84,8401
16,161,16101,1,6,1,,2301,8,84,8401
16,161,16101,1,8,1,,10387,8,84,8401
16,161,16101,1,12,1,,3615,8,84,8401
16,161,16101,1,12,2,,4102,8,84,8401
16,161,16101,1,13,1,,4133,8,84,8401
16,161,16101,1,13,2,,9429,8,84,8401
16,161,16101,1,13,3,,4681,8,84,8401
16,161,16101,1,13,4,,240,8,84,8401
16,161,16101,1,14,1,,9978,8,84,8401
16,161,16101,1,14,2,,2819,8,84,8401
16,161,16101,1,14,3,,6709,8,84,8401
16,161,16101,1,14,4,,4522,8,84,8401
16,161,16101,1,15,1,,5021,8,84,8401
16,161,16101,1,15,2,,5491,8,84,8401
16,161,16101,1,15,3,,3992,8,84,8401
16,161,16101,1,15,4,,14521,8,84,8401
16,161,16101,1,15,5,,8358,8,84,8401
16,161,16101,1,15,6,,142,8,84,8401
16,161,16101,1,15,7,,7742,8,84,8401
16,161,16101,1,15,8,,745,8,84,8401
16,161,16101,1,15,9,,55,8,84,8401
16,161,16101,1,15,10,,11022,8,84,8401
16,161,16101,1,15,11,,190,8,84,8401
16,161,16101,1,15,12,,7825,8,84,8401
16,161,16101,1,15,13,,1129,8,84,8401
16,161,16101,1,15,14,,9636,8,84,8401
16,161,16101,1,16,1,,8403,8,84,8401
16,161,16101,1,16,2,,7752,8,84,8401
16,161,16101,1,16,3,,10352,8,84,8401
16,161,16101,1,16,4,,12879,8,84,8401
16,161,16101,1,16,5,,1614,8,84,8401
16,161,16101,1,17,1,,9160,8,84,8401
16,161,16101,1,17,2,,8399,8,84,8401
16,161,16101,1,17,3,,15171,8,84,8401
16,161,16101,1,17,4,,15735,8,84,8401
16,161,16101,2,5,10,COLONIA BERNARDO O'HIGGINS PONIENTE,11221,8,84,8401
16,161,16101,2,5,26,ÑUBLE ALTO,2953,8,84,8401
16,161,16101,2,5,27,ORO VERDE,12473,8,84,8401
16,161,16101,2,5,28,PARQUE LANTAÑO,5677,8,84,8401
16,161,16101,2,6,27,ORO VERDE,2378,8,84,8401
16,161,16101,2,6,901,INDETERMINADA,1452,8,84,8401
16,161,16101,2,6,3,CAMINO GUAPE,3377,8,84,8401
16,161,16101,2,6,14,EL GUAPE,14371,8,84,8401
16,161,16101,2,6,24,MALLOA,3576,8,84,8401
16,161,16101,2,7,1,BARRIALES,2620,8,84,8401
16,161,16101,2,7,901,INDETERMINADA,5065,8,84,8401
16,161,16101,1,7,1,,15446,8,84,8401
16,161,16101,1,7,2,,342,8,84,8401
16,161,16101,2,8,7,CHONCHORAL,4764,8,84,8401
16,161,16101,2,8,8,COLLIGUAY,7668,8,84,8401
16,161,16101,2,8,11,CONFLUENCIA,2622,8,84,8401
16,161,16101,2,8,12,CUCA,14792,8,84,8401
16,161,16101,2,8,15,HUECHUPÍN,9062,8,84,8401
16,161,16101,2,8,31,QUINCHAMALÍ,7754,8,84,8401
16,161,16101,2,8,37,SANTA CRUZ DE CUCA,4018,8,84,8401
16,161,16101,2,9,901,INDETERMINADA,6501,8,84,8401
16,161,16101,2,9,21,LINARES,12171,8,84,8401
16,161,16101,2,10,4,CATO,2367,8,84,8401
16,161,16101,2,11,901,INDETERMINADA,8027,8,84,8401
16,161,16101,2,11,30,QUILMO,749,8,84,8401
16,161,16101,2,12,2,BOYÉN,8569,8,84,8401
16,161,16101,2,12,17,LAS CHILCAS,11542,8,84,8401
16,161,16101,2,12,20,LAUTARO,9516,8,84,8401
16,161,16101,2,12,34,SAN JUAN,7225,8,84,8401
16,161,16101,2,12,35,SAN NICOLÁS,10732,8,84,8401
16,161,16101,2,12,32,RÍO VIEJO,3946,8,84,8401
16,161,16101,2,4,32,RÍO VIEJO,5663,8,84,8401
16,161,16101,2,14,9,COLONIA BERNARDO O'HIGGINS,5928,8,84,8401
16,161,16101,2,14,18,LAS COLES,9532,8,84,8401
16,161,16101,2,14,36,SANTA CLARA,9534,8,84,8401
16,161,16101,1,15,15,,15987,8,84,8401
16,161,16101,2,15,16,LA VICTORIA,1493,8,84,8401
16,161,16101,2,15,25,MONTE RICO,12010,8,84,8401
16,161,16101,2,15,33,SAN BERNARDO,5242,8,84,8401
16,161,16102,1,1,1,,5483,8,84,8402
16,161,16102,1,1,2,,9921,8,84,8402
16,161,16102,1,1,3,,504,8,84,8402
16,161,16102,1,2,1,,2385,8,84,8402
16,161,16102,1,4,1,,2511,8,84,8402
16,161,16102,1,5,1,,14227,8,84,8402
16,161,16102,1,7,1,,6828,8,84,8402
16,161,16102,2,1,6,CAMINO A LARQUI,15975,8,84,8402
16,161,16102,2,1,29,LARQUI ORIENTE,13772,8,84,8402
16,161,16102,2,1,901,INDETERMINADA,3403,8,84,8402
16,161,16102,2,1,44,PITE,2159,8,84,8402
16,161,16102,2,2,5,BULNES PONIENTE,1437,8,84,8402
16,161,16102,2,2,19,EL RETAMO,8618,8,84,8402
16,161,16102,2,2,20,EL ROBLE,14260,8,84,8402
16,161,16102,2,2,34,LAS PIEDRAS,1287,8,84,8402
16,161,16102,2,2,35,LAS RAÍCES,4342,8,84,8402
16,161,16102,2,2,50,SANTA ROSA,3612,8,84,8402
16,161,16102,2,2,15,EL ESPINAR,12537,8,84,8402
16,161,16102,2,3,901,INDETERMINADA,8096,8,84,8402
16,161,16102,2,3,19,EL RETAMO,6831,8,84,8402
16,161,16102,2,3,17,EL GUALLE,4571,8,84,8402
16,161,16102,2,3,26,LA PALMA,3688,8,84,8402
16,161,16102,2,3,37,LAS TRES MARÍAS,13128,8,84,8402
16,161,16102,2,3,38,LIBUY,3726,8,84,8402
16,161,16102,2,3,14,EL ESPINAL,5588,8,84,8402
16,161,16102,2,4,11,EL CARMEN,14378,8,84,8402
16,161,16102,2,4,16,EL FARO,11362,8,84,8402
16,161,16102,2,4,23,LA BALSA,3368,8,84,8402
16,161,16102,2,4,31,LAS LAGUNAS,10852,8,84,8402
16,161,16102,2,4,49,SANTA CLARA,14323,8,84,8402
16,161,16102,2,5,11,EL CARMEN,541,8,84,8402
16,161,16102,2,5,49,SANTA CLARA,4033,8,84,8402
16,161,16102,2,5,1,AGUA BUENA,14531,8,84,8402
16,161,16102,2,5,2,AGUA BUENA CHICA,13021,8,84,8402
16,161,16102,2,5,10,EL CARACOL,5182,8,84,8402
16,161,16102,2,5,901,INDETERMINADA,12692,8,84,8402
16,161,16102,2,5,21,EL ROSARIO,13242,8,84,8402
16,161,16102,2,5,36,LAS ROSAS,13650,8,84,8402
16,161,16102,2,5,43,MILAHUE,5742,8,84,8402
16,161,16102,2,5,47,SAN LUIS,15863,8,84,8402
16,161,16102,2,6,8,CANTARRANA,9989,8,84,8402
16,161,16102,2,6,13,EL CÓNDOR,8214,8,84,8402
16,161,16102,2,6,24,LA COMPAÑÍA,6642,8,84,8402
16,161,16102,2,6,30,LAS CARMELITAS,15878,8,84,8402
16,161,16102,2,6,32,LAS MARIPOSAS,1554,8,84,8402
16,161,16102,2,6,33,LAS NIEVES,12626,8,84,8402
16,161,16102,2,6,40,LOS TILOS,4035,8,84,8402
16,161,16102,2,6,48,SAN PATRICIO,3358,8,84,8402
16,161,16102,2,6,51,TRES ESQUINAS,2743,8,84,8402
16,161,16102,2,7,3,BULNES,4226,8,84,8402
16,161,16102,2,7,10,EL CARACOL,10528,8,84,8402
16,161,16102,2,7,901,INDETERMINADA,9722,8,84,8402
16,161,16102,2,7,8,CANTARRANA,3369,8,84,8402
16,161,16102,2,7,51,TRES ESQUINAS,4404,8,84,8402
16,161,16102,2,7,9,COLTÓN QUILLAY,7743,8,84,8402
16,161,16102,2,7,18,EL NOGAL,5301,8,84,8402
16,161,16102,2,7,25,LA MARAVILLA,8179,8,84,8402
16,161,16102,2,7,28,LARQUI LLOLLINCO,13914,8,84,8402
16,161,16102,2,7,39,LOS ÁLAMOS,12439,8,84,8402
16,161,16102,2,7,41,MALABAR,11657,8,84,8402
16,161,16102,2,7,45,RINCONADA DE COLTÓN,10215,8,84,8402
16,161,16102,2,7,46,SAN JOSÉ,665,8,84,8402
16,161,16102,2,8,9,COLTÓN QUILLAY,6397,8,84,8402
16,161,16102,2,8,27,LARQUI,12993,8,84,8402
16,161,16102,2,8,45,RINCONADA DE COLTÓN,3975,8,84,8402
16,161,16102,2,8,42,MAULE,3399,8,84,8402
16,162,16202,1,2,1,,3853,8,84,8403
16,162,16202,2,1,2,BUCHUPUREO,4279,8,84,8403
16,162,16202,2,1,5,CAREO,11212,8,84,8403
16,162,16202,2,1,12,COPIULEMU,11549,8,84,8403
16,162,16202,2,1,15,EL CASTILLO,1503,8,84,8403
16,162,16202,2,1,29,LAS CHACRILLAS,10339,8,84,8403
16,162,16202,2,1,33,LOS CORRALES,1064,8,84,8403
16,162,16202,2,1,44,PULLAY,15960,8,84,8403
16,162,16202,2,1,46,QUILE,3757,8,84,8403
16,162,16202,2,1,901,INDETERMINADA,12736,8,84,8403
16,162,16202,2,1,55,TREGUALEMU,1171,8,84,8403
16,162,16202,2,2,2,BUCHUPUREO,14946,8,84,8403
16,162,16202,2,2,29,LAS CHACRILLAS,13148,8,84,8403
16,162,16202,2,2,51,SANTA CRUZ,8085,8,84,8403
16,162,16202,2,2,3,CAJÓN DEL MOLINO,11032,8,84,8403
16,162,16202,2,2,6,CAYO,4554,8,84,8403
16,162,16202,2,2,901,INDETERMINADA,7188,8,84,8403
16,162,16202,2,2,10,COBQUECURA,13626,8,84,8403
16,162,16202,2,2,38,NEGUINTO,6563,8,84,8403
16,162,16202,2,2,16,EL DURAZNO,50,8,84,8403
16,162,16202,2,2,17,EL PEUMO,11802,8,84,8403
16,162,16202,2,2,34,LOS MAQUIS,6909,8,84,8403
16,162,16202,2,2,22,LA ESPERANZA,13684,8,84,8403
16,162,16202,2,2,23,LA LADERA,2267,8,84,8403
16,162,16202,2,2,24,LA LEONA,12337,8,84,8403
16,162,16202,2,2,25,LA MARAVILLA,3498,8,84,8403
16,162,16202,2,2,26,LA OLLA,4644,8,84,8403
16,162,16202,2,2,32,LOS BOLDOS,12734,8,84,8403
16,162,16202,2,2,37,MITRIO,9789,8,84,8403
16,162,16202,2,2,41,PILICURA,13757,8,84,8403
16,162,16202,2,2,45,QUEBRADA HONDA,4698,8,84,8403
16,162,16202,2,2,47,RISCO DEL LEÓN,12526,8,84,8403
16,162,16202,2,2,52,SERICHE,9458,8,84,8403
16,162,16202,2,3,22,LA ESPERANZA,12616,8,84,8403
16,162,16202,2,3,24,LA LEONA,5441,8,84,8403
16,162,16202,2,3,38,NEGUINTO,5725,8,84,8403
16,162,16202,2,3,45,QUEBRADA HONDA,9657,8,84,8403
16,162,16202,2,3,52,SERICHE,2585,8,84,8403
16,162,16202,2,3,901,INDETERMINADA,5492,8,84,8403
16,162,16202,2,3,31,LAS TOSCAS,1093,8,84,8403
16,162,16202,2,3,53,TAUCÚ,9706,8,84,8403
16,162,16202,2,4,21,LA ACHIRA,13769,8,84,8403
16,162,16202,2,4,53,TAUCÚ,6051,8,84,8403
16,162,16202,2,4,4,CALLEJONES,10663,8,84,8403
16,162,16202,2,4,9,CHORRILLOS,11862,8,84,8403
16,162,16202,2,4,11,COLMUYAO,12561,8,84,8403
16,162,16202,2,4,19,HUILQUICURA,10570,8,84,8403
16,162,16202,2,4,27,LA ORILLA,6466,8,84,8403
16,162,16202,2,4,901,INDETERMINADA,14638,8,84,8403
16,162,16202,2,4,39,NOGUECHE,1934,8,84,8403
16,162,16202,2,4,49,SAN JOSÉ,10283,8,84,8403
16,162,16202,2,4,54,TOTORAL,5104,8,84,8403
16,162,16202,2,5,43,POTREROS DEL REY,15632,8,84,8403
16,162,16202,2,5,901,INDETERMINADA,3984,8,84,8403
16,162,16202,2,5,1,AGUAS COLORADAS,4628,8,84,8403
16,162,16202,2,5,8,CHANCO,9965,8,84,8403
16,162,16202,2,5,35,LOS TEMOS,16033,8,84,8403
16,162,16202,2,5,48,SALAMANCA,8540,8,84,8403
16,162,16202,2,5,50,SAN MIGUEL,13927,8,84,8403
16,162,16202,1,99,999,,9174,8,84,8403
16,162,16203,1,1,1,,236,8,84,8404
16,162,16203,1,1,2,,12580,8,84,8404
16,162,16203,1,3,1,,1658,8,84,8404
16,162,16203,2,1,3,CARAVANCHEL,10758,8,84,8404
16,162,16203,2,1,4,CHECURA,12995,8,84,8404
16,162,16203,2,1,5,CHORRILLOS,3230,8,84,8404
16,162,16203,2,1,8,COELEMU NORTE,12200,8,84,8404
16,162,16203,2,1,901,INDETERMINADA,13312,8,84,8404
16,162,16203,2,1,19,GUARILIHUE,10992,8,84,8404
16,162,16203,2,1,24,MAGDALENA,13573,8,84,8404
16,162,16203,2,1,39,TOTORAL,2564,8,84,8404
16,162,16203,2,1,40,TROPEZÓN,7071,8,84,8404
16,162,16203,2,2,19,GUARILIHUE,4172,8,84,8404
16,162,16203,2,2,2,CAMARICO,14194,8,84,8404
16,162,16203,2,2,6,CHUPALLAR,15027,8,84,8404
16,162,16203,2,2,901,INDETERMINADA,15367,8,84,8404
16,162,16203,2,2,13,EL PERAL,9768,8,84,8404
16,162,16203,2,2,17,EL TABLÓN,227,8,84,8404
16,162,16203,2,2,20,GUARO,8328,8,84,8404
16,162,16203,2,2,21,LA ESPERANZA,8751,8,84,8404
16,162,16203,2,2,22,LOS CASTAÑOS,15556,8,84,8404
16,162,16203,2,2,30,PINIHUE,2784,8,84,8404
16,162,16203,2,2,31,PIRUMÁVIDA,10474,8,84,8404
16,162,16203,2,2,33,RANGUELMO,10590,8,84,8404
16,162,16203,1,2,1,,13596,8,84,8404
16,162,16203,2,2,41,TUBUL,5194,8,84,8404
16,162,16203,2,2,37,TINAJACURA,15489,8,84,8404
16,162,16203,2,3,16,EL ROSAL,15525,8,84,8404
16,162,16203,2,3,31,PIRUMÁVIDA,1081,8,84,8404
16,162,16203,2,3,1,BELLAVISTA,296,8,84,8404
16,162,16203,2,3,11,EL CALABOZO,11458,8,84,8404
16,162,16203,2,3,14,EL RETAMO,1901,8,84,8404
16,162,16203,2,3,32,QUILTEU,6083,8,84,8404
16,162,16203,2,3,34,SAN AMBROSIO,10188,8,84,8404
16,162,16203,2,3,35,SANTA CRUZ,12406,8,84,8404
16,162,16203,2,3,36,SANTA FILOMENA,6565,8,84,8404
16,162,16203,2,3,901,INDETERMINADA,910,8,84,8404
16,162,16203,2,3,12,EL LAUREL,13745,8,84,8404
16,162,16203,2,4,10,DINAMAPU,1026,8,84,8404
16,162,16203,2,4,901,INDETERMINADA,14440,8,84,8404
16,162,16203,2,4,23,LUMÁVIDA,9951,8,84,8404
16,162,16203,2,4,25,MEIPO,12752,8,84,8404
16,162,16203,2,4,26,MONTENEGRO,8487,8,84,8404
16,162,16203,2,4,27,PANGUE,9094,8,84,8404
16,162,16203,2,4,28,PERALES,15612,8,84,8404
16,162,16203,2,4,29,PIEDRA PARADA,1001,8,84,8404
16,162,16203,2,4,42,VEGAS DE ITATA,15101,8,84,8404
16,163,16302,1,1,1,,4944,8,84,8405
16,163,16302,1,1,2,,8116,8,84,8405
16,163,16302,1,2,1,,12609,8,84,8405
16,163,16302,1,4,1,,7504,8,84,8405
16,163,16302,2,1,18,EL EMBALSE,5807,8,84,8405
16,163,16302,2,1,39,PERQUINCO,4583,8,84,8405
16,163,16302,2,1,25,LA FLECHA,6680,8,84,8405
16,163,16302,2,1,29,LAS PATAGUAS,2038,8,84,8405
16,163,16302,2,1,37,NIBLINTO,8773,8,84,8405
16,163,16302,2,1,41,PULLAMI,3380,8,84,8405
16,163,16302,2,2,15,CULENAR,2500,8,84,8405
16,163,16302,2,2,17,EL CHINGUE,4862,8,84,8405
16,163,16302,2,2,27,LA PALMA,367,8,84,8405
16,163,16302,2,2,20,FRUTILLARES,1446,8,84,8405
16,163,16302,2,2,21,GENERAL LAGOS,15481,8,84,8405
16,163,16302,2,2,24,LA ESPERANZA,15654,8,84,8405
16,163,16302,2,2,35,MONTEBELLO,9724,8,84,8405
16,163,16302,2,2,38,PASO ALEJO,3043,8,84,8405
16,163,16302,2,2,42,RANQUINILAHUE,11115,8,84,8405
16,163,16302,2,2,44,RELOCA,10908,8,84,8405
16,163,16302,2,2,49,TALQUIPÉN,813,8,84,8405
16,163,16302,2,3,15,CULENAR,348,8,84,8405
16,163,16302,2,3,17,EL CHINGUE,13189,8,84,8405
16,163,16302,2,3,21,GENERAL LAGOS,9184,8,84,8405
16,163,16302,2,3,38,PASO ALEJO,13664,8,84,8405
16,163,16302,2,3,49,TALQUIPÉN,7076,8,84,8405
16,163,16302,2,3,5,CAMINO CHILLÁN A TANILVORO,8471,8,84,8405
16,163,16302,2,3,22,HÉROES DE LA CONCEPCIÓN,1005,8,84,8405
16,163,16302,2,3,10,CHILLINHUE,15394,8,84,8405
16,163,16302,2,3,32,LOS PUQUIOS,12373,8,84,8405
16,163,16302,2,4,15,CULENAR,4037,8,84,8405
16,163,16302,2,4,27,LA PALMA,1897,8,84,8405
16,163,16302,2,4,49,TALQUIPÉN,2811,8,84,8405
16,163,16302,2,4,22,HÉROES DE LA CONCEPCIÓN,11698,8,84,8405
16,163,16302,2,4,45,ROBLERÍA,3112,8,84,8405
16,163,16302,2,4,12,COLEAL CENTRAL,8913,8,84,8405
16,163,16302,2,4,13,COLEAL NORTE,13899,8,84,8405
16,163,16302,2,4,34,MIRAFLORES,11441,8,84,8405
16,163,16302,2,4,901,INDETERMINADA,966,8,84,8405
16,163,16302,2,4,50,TANILVORO,7473,8,84,8405
16,163,16302,2,4,7,CHACAY,128,8,84,8405
16,163,16302,2,5,13,COLEAL NORTE,2476,8,84,8405
16,163,16302,2,5,31,LOS PELLINES,3918,8,84,8405
16,163,16302,2,5,43,RELBUNCO,1193,8,84,8405
16,163,16302,2,6,23,LA ESCOBA,4799,8,84,8405
16,163,16302,2,6,6,CANCHA DE PARRA,9737,8,84,8405
16,163,16302,2,6,28,LAS LUMAS,15720,8,84,8405
16,163,16302,2,6,51,TIERRAS BLANCAS,331,8,84,8405
16,163,16302,2,7,9,CHACAYAL ORIENTE,12058,8,84,8405
16,163,16302,2,8,30,LAS VEGUILLAS,4663,8,84,8405
16,163,16302,2,8,19,FLORES,14219,8,84,8405
16,163,16302,2,8,53,VALLE DE ALICO,4770,8,84,8405
16,163,16302,2,9,37,NIBLINTO,10386,8,84,8405
16,163,16302,2,9,901,INDETERMINADA,7827,8,84,8405
16,163,16302,2,9,26,LA LEONERA,4857,8,84,8405
16,163,16302,2,9,33,MINAS DEL PRADO,7627,8,84,8405
16,163,16302,2,10,2,BUREO ALTO,8974,8,84,8405
16,163,16302,2,10,3,BUSTAMANTE,1553,8,84,8405
16,163,16302,2,11,1,BUREO,11971,8,84,8405
16,163,16302,2,11,47,SAN ISIDRO,13711,8,84,8405
16,163,16302,2,11,2,BUREO ALTO,12134,8,84,8405
16,163,16302,2,11,4,CAJÓN DEL ÑUBLE,59,8,84,8405
16,163,16302,2,11,14,COPIHUAL,3481,8,84,8405
16,163,16302,2,11,16,EL CARMEN DE CATO,8195,8,84,8405
16,163,16302,2,11,36,NAHUELTORO,3520,8,84,8405
16,163,16302,2,11,48,SAN RAMÓN,6069,8,84,8405
16,163,16302,2,11,52,TRES ESQUINAS,15471,8,84,8405
16,163,16302,2,12,36,NAHUELTORO,10870,8,84,8405
16,163,16302,2,12,48,SAN RAMÓN,7019,8,84,8405
16,163,16302,2,12,52,TRES ESQUINAS,6793,8,84,8405
16,163,16302,2,12,8,CHACAYAL DE CATO,6453,8,84,8405
16,163,16302,2,12,46,SAN ANTONIO DE CATO,3932,8,84,8405
16,163,16302,1,99,999,,7771,8,84,8405
16,161,16103,1,4,1,,6522,8,84,8406
16,161,16103,1,4,2,,690,8,84,8406
16,161,16103,1,4,3,,11189,8,84,8406
16,161,16103,1,4,4,,463,8,84,8406
16,161,16103,1,4,5,,10417,8,84,8406
16,161,16103,1,4,6,,10832,8,84,8406
16,161,16103,1,4,7,,3188,8,84,8406
16,161,16103,2,1,3,CHILLÁN VIEJO,1215,8,84,8406
16,161,16103,2,1,12,LOS COLIHUES,15337,8,84,8406
16,161,16103,2,2,901,INDETERMINADA,12197,8,84,8406
16,161,16103,2,2,10,LINARES,14780,8,84,8406
16,161,16103,2,2,14,MAULE,13333,8,84,8406
16,161,16103,2,2,16,PANGALES,15604,8,84,8406
16,161,16103,2,2,15,NEBUCO,9241,8,84,8406
16,161,16103,2,2,31,SAN PEDRO,5132,8,84,8406
16,161,16103,2,2,28,RUCAPEQUÉN,13506,8,84,8406
16,161,16103,2,2,33,SANTA ISABEL,5857,8,84,8406
16,161,16103,2,2,4,COLLIGUAY,14113,8,84,8406
16,161,16103,2,2,29,SAN ANTONIO,255,8,84,8406
16,161,16103,2,2,1,BAJADA LAS CONCHAS,722,8,84,8406
16,161,16103,2,2,30,SAN MARCELO,5175,8,84,8406
16,161,16103,2,2,5,EL MANZANAL,486,8,84,8406
16,161,16103,2,2,13,MAITENES,12749,8,84,8406
16,161,16103,2,2,9,LAS LILAS,6953,8,84,8406
16,161,16103,2,3,901,INDETERMINADA,11223,8,84,8406
16,161,16103,2,3,8,LAS LAJUELAS,11388,8,84,8406
16,161,16103,2,3,11,LLOLLINCO,11272,8,84,8406
16,161,16103,2,3,20,QUILLAY,11684,8,84,8406
16,161,16103,2,3,25,QUILMO SUR,2709,8,84,8406
16,161,16103,2,3,32,SAN RAFAEL,11331,8,84,8406
16,161,16103,2,3,7,LARQUI ORIENTE,8194,8,84,8406
16,161,16103,2,4,3,CHILLÁN VIEJO,12881,8,84,8406
16,161,16103,2,4,27,RÍO VIEJO,15554,8,84,8406
16,161,16103,2,5,901,INDETERMINADA,6283,8,84,8406
16,161,16103,2,5,6,LARQUI,6121,8,84,8406
16,161,16103,2,5,21,QUILMO,8700,8,84,8406
16,161,16103,2,5,34,SANTA MORELIA,1750,8,84,8406
16,161,16103,2,5,22,QUILMO ALTO,6111,8,84,8406
16,161,16104,1,1,1,,12619,8,84,8407
16,161,16104,1,4,1,,404,8,84,8407
16,161,16104,2,1,5,EL CARMEN,4597,8,84,8407
16,161,16104,2,1,7,EL ZARZAL,3361,8,84,8407
16,161,16104,2,1,17,PUENTE URRUTIA,1984,8,84,8407
16,161,16104,2,1,18,RINCONADA DE BADILLO,3793,8,84,8407
16,161,16104,2,2,19,RINCONADA DIGUILLÍN,7733,8,84,8407
16,161,16104,2,3,4,CHAMIZAL,3100,8,84,8407
16,161,16104,2,3,14,MAIPO ARRIBA,10784,8,84,8407
16,161,16104,2,3,15,MAIPO BAJO,8945,8,84,8407
16,161,16104,2,4,5,EL CARMEN,5853,8,84,8407
16,161,16104,2,4,4,CHAMIZAL,14175,8,84,8407
16,161,16104,2,4,6,EL TRIÁNGULO,13195,8,84,8407
16,161,16104,2,4,10,LOMA DE HORNOS,14027,8,84,8407
16,161,16104,2,4,12,LOS PÚQUIOS,10436,8,84,8407
16,161,16104,2,4,21,SAN ISIDRO ALTO,14970,8,84,8407
16,161,16104,2,4,22,SAN ISIDRO BAJO,518,8,84,8407
16,161,16104,2,5,18,RINCONADA DE BADILLO,9232,8,84,8407
16,161,16104,2,5,10,LOMA DE HORNOS,14595,8,84,8407
16,161,16104,2,5,901,INDETERMINADA,7042,8,84,8407
16,161,16104,2,5,1,CAPILLA,3562,8,84,8407
16,161,16104,2,5,3,CASTAÑAL,8378,8,84,8407
16,161,16104,2,5,23,SAN JOSÉ,2509,8,84,8407
16,161,16104,2,5,25,SUIZA,15090,8,84,8407
16,161,16104,2,5,26,TREGUALEMU,12074,8,84,8407
16,161,16104,2,6,17,PUENTE URRUTIA,172,8,84,8407
16,161,16104,2,6,901,INDETERMINADA,151,8,84,8407
16,161,16104,2,6,23,SAN JOSÉ,2111,8,84,8407
16,161,16104,2,6,2,CAPILLA NORTE,8322,8,84,8407
16,161,16104,2,6,8,HUEMUL,13364,8,84,8407
16,161,16104,2,6,11,LOS ALPES,12898,8,84,8407
16,161,16104,2,6,13,LOS RISCOS,7140,8,84,8407
16,161,16104,2,7,9,LO VERGARA,14992,8,84,8407
16,161,16104,2,7,24,SAN VICENTE,1381,8,84,8407
16,161,16104,2,7,27,VALLE DE ATACALCO,14338,8,84,8407
16,162,16204,1,2,1,,3679,8,84,8408
16,162,16204,2,1,2,CHEQUÉN,10093,8,84,8408
16,162,16204,2,1,7,COYANCO,11048,8,84,8408
16,162,16204,2,1,8,GUALTE,9838,8,84,8408
16,162,16204,2,1,13,LONQUÉN,3930,8,84,8408
16,162,16204,2,1,15,PANGUE,13782,8,84,8408
16,162,16204,2,1,17,QUIRAO,7187,8,84,8408
16,162,16204,2,1,19,RELOCA,2011,8,84,8408
16,162,16204,2,1,21,SAN AGUSTÍN,15584,8,84,8408
16,162,16204,2,1,23,SAN JOSÉ,1130,8,84,8408
16,162,16204,2,1,24,SAN JUAN,15274,8,84,8408
16,162,16204,2,1,25,SANTA ROSA,4512,8,84,8408
16,162,16204,2,2,2,CHEQUÉN,8180,8,84,8408
16,162,16204,2,2,7,COYANCO,12556,8,84,8408
16,162,16204,2,2,901,INDETERMINADA,6694,8,84,8408
16,162,16204,2,2,21,SAN AGUSTÍN,6085,8,84,8408
16,162,16204,2,2,24,SAN JUAN,10938,8,84,8408
16,162,16204,2,2,1,CERRO NINHUE,8221,8,84,8408
16,162,16204,2,2,4,COIPÍN,14909,8,84,8408
16,162,16204,2,2,16,PANGUILEMU,5860,8,84,8408
16,162,16204,2,2,18,QUITRIPÍN,3452,8,84,8408
16,162,16204,2,2,27,TORRECILLAS,7521,8,84,8408
16,162,16204,2,3,6,CORONEY,13721,8,84,8408
16,162,16204,2,3,901,INDETERMINADA,5618,8,84,8408
16,162,16204,2,3,20,RINCÓN,6130,8,84,8408
16,162,16204,2,3,22,SAN ANTONIO,14585,8,84,8408
16,162,16204,2,4,27,TORRECILLAS,9459,8,84,8408
16,162,16204,2,4,901,INDETERMINADA,5107,8,84,8408
16,162,16204,2,4,10,LAS HIGUERAS,3594,8,84,8408
16,162,16204,2,4,11,LIRCAY,6167,8,84,8408
16,162,16204,2,4,26,TALHUÁN,209,8,84,8408
16,163,16303,1,1,1,,829,8,84,8409
16,163,16303,2,1,3,BUCALEMU,7963,8,84,8409
16,163,16303,2,1,6,CHACAY,11412,8,84,8409
16,163,16303,2,1,7,COLVINDO,7305,8,84,8409
16,163,16303,2,1,15,HUENUTIL DE LA CABRERÍA,9973,8,84,8409
16,163,16303,2,1,22,LAS ROSAS,6341,8,84,8409
16,163,16303,2,1,29,PAQUE,2842,8,84,8409
16,163,16303,2,1,14,HUENUTIL,6496,8,84,8409
16,163,16303,2,2,6,CHACAY,595,8,84,8409
16,163,16303,2,2,7,COLVINDO,6910,8,84,8409
16,163,16303,2,2,5,CANCHIUQUE,13251,8,84,8409
16,163,16303,2,2,18,LA PITRILLA,5938,8,84,8409
16,163,16303,2,2,20,LAS GARZAS,11780,8,84,8409
16,163,16303,2,2,37,SAN ROQUE,3557,8,84,8409
16,163,16303,2,2,38,SAN VICENTE,2557,8,84,8409
16,163,16303,2,2,42,ZEMITA,1256,8,84,8409
16,163,16303,2,2,32,SAN FERNANDO,14456,8,84,8409
16,163,16303,2,3,6,CHACAY,12423,8,84,8409
16,163,16303,2,3,22,LAS ROSAS,4503,8,84,8409
16,163,16303,2,3,37,SAN ROQUE,3455,8,84,8409
16,163,16303,2,3,4,BULI,6142,8,84,8409
16,163,16303,2,3,11,EL MODELO DE COLLIGUAY,7035,8,84,8409
16,163,16303,2,3,12,EL RINCÓN,4059,8,84,8409
16,163,16303,2,3,17,LA GLORIA,4345,8,84,8409
16,163,16303,2,3,21,LAS MIRAS,4737,8,84,8409
16,163,16303,2,3,23,LLAHUIMÁVIDA,4244,8,84,8409
16,163,16303,2,3,34,SAN JORGE,3979,8,84,8409
16,163,16303,2,3,35,SAN PEDRO,5926,8,84,8409
16,163,16303,2,3,39,SANTA JOSEFINA,12037,8,84,8409
16,163,16303,2,3,40,TIUQUILEMU,2588,8,84,8409
16,163,16303,2,3,41,VIRHUÍN,2043,8,84,8409
16,163,16303,2,3,10,EL ESPINAL,4569,8,84,8409
16,163,16303,2,4,29,PAQUE,7758,8,84,8409
16,163,16303,2,4,23,LLAHUIMÁVIDA,2615,8,84,8409
16,163,16303,2,4,13,FLOR DE ÑIQUÉN,14616,8,84,8409
16,163,16303,2,4,16,HUENUTIL DEL PEUMO,13970,8,84,8409
16,163,16303,2,4,26,ÑIQUÉN,15371,8,84,8409
16,163,16303,2,4,27,OTINHUE ARRIBA,11768,8,84,8409
16,163,16303,2,4,36,SAN PEDRO DE ÑIQUÉN,4251,8,84,8409
16,163,16303,2,5,13,FLOR DE ÑIQUÉN,8839,8,84,8409
16,163,16303,2,5,901,INDETERMINADA,4297,8,84,8409
16,163,16303,2,5,25,MALLOCAVÉN,11606,8,84,8409
16,163,16303,2,5,30,PAREDONES,3826,8,84,8409
16,163,16303,2,5,31,QUITAVA,2458,8,84,8409
16,163,16303,2,6,1,AGUA FRÍA,4720,8,84,8409
16,163,16303,2,6,2,BELÉN,10834,8,84,8409
16,163,16303,2,6,8,COMILLAÚN,15565,8,84,8409
16,163,16303,2,6,9,DIÑO,11130,8,84,8409
16,163,16303,2,6,28,OTINHUE BAJO,11881,8,84,8409
16,161,16105,1,1,1,,13805,8,84,8410
16,161,16105,1,6,1,,892,8,84,8410
16,161,16105,1,9,1,,14972,8,84,8410
16,161,16105,2,1,19,PEMUCO NORTE,7669,8,84,8410
16,161,16105,2,1,20,PEMUCO SUR,8738,8,84,8410
16,161,16105,2,2,2,CAMARICO,7203,8,84,8410
16,161,16105,2,2,901,INDETERMINADA,7937,8,84,8410
16,161,16105,2,2,23,SAN ANTONIO,2243,8,84,8410
16,161,16105,2,2,24,SAN LUIS DE PALPAL,8129,8,84,8410
16,161,16105,2,2,28,SANTA JULIA,4690,8,84,8410
16,161,16105,2,3,2,CAMARICO,6881,8,84,8410
16,161,16105,2,3,4,CARTAGO,1262,8,84,8410
16,161,16105,2,3,16,MONTE LEÓN,11718,8,84,8410
16,161,16105,2,4,4,CARTAGO,3724,8,84,8410
16,161,16105,2,4,901,INDETERMINADA,14520,8,84,8410
16,161,16105,2,4,8,EL CIPRÉS,10331,8,84,8410
16,161,16105,2,4,21,PUEBLO PINTO,15560,8,84,8410
16,161,16105,2,5,2,CAMARICO,322,8,84,8410
16,161,16105,2,5,901,INDETERMINADA,4410,8,84,8410
16,161,16105,2,5,1,ATEUCO,3548,8,84,8410
16,161,16105,2,5,10,EL SALTILLO,12933,8,84,8410
16,161,16105,2,5,13,LAS LAJUELAS,8320,8,84,8410
16,161,16105,2,5,22,QUILAMÁN GRANDE,15148,8,84,8410
16,161,16105,2,5,31,VILLA SAN PABLO,6578,8,84,8410
16,161,16105,2,6,1,ATEUCO,8486,8,84,8410
16,161,16105,2,6,901,INDETERMINADA,7730,8,84,8410
16,161,16105,2,6,12,LA LÚCUMA,9448,8,84,8410
16,161,16105,2,6,13,LAS LAJUELAS,12400,8,84,8410
16,161,16105,2,6,31,VILLA SAN PABLO,975,8,84,8410
16,161,16105,2,6,7,CULENCO,14300,8,84,8410
16,161,16105,2,6,15,LOS AROMOS,14111,8,84,8410
16,161,16105,2,7,6,CHEQUENES,11360,8,84,8410
16,161,16105,2,7,26,SAN PEDRO,1083,8,84,8410
16,161,16105,2,7,30,VALLE HERMOSO,2600,8,84,8410
16,161,16105,2,8,26,SAN PEDRO,10543,8,84,8410
16,161,16105,2,8,9,EL RELBÚN,15519,8,84,8410
16,161,16105,2,8,11,GENERAL CRUZ,15592,8,84,8410
16,161,16105,2,8,25,SAN MIGUEL,8107,8,84,8410
16,161,16105,2,9,901,INDETERMINADA,12261,8,84,8410
16,161,16105,2,9,6,CHEQUENES,1906,8,84,8410
16,161,16105,2,9,30,VALLE HERMOSO,2342,8,84,8410
16,161,16105,2,9,9,EL RELBÚN,6444,8,84,8410
16,161,16105,2,9,25,SAN MIGUEL,6586,8,84,8410
16,161,16106,1,1,1,,1107,8,84,8411
16,161,16106,1,2,1,,5690,8,84,8411
16,161,16106,1,5,1,,8752,8,84,8411
16,161,16106,1,5,2,,5254,8,84,8411
16,161,16106,2,1,4,EL CARDAL,457,8,84,8411
16,161,16106,2,1,12,LAS VEGAS,11152,8,84,8411
16,161,16106,2,1,8,EL ROSAL,6727,8,84,8411
16,161,16106,2,1,13,LAS VERTIENTES,821,8,84,8411
16,161,16106,2,1,17,LOS PEDERNALES,894,8,84,8411
16,161,16106,2,1,18,LOS RASTROJOS,2772,8,84,8411
16,161,16106,2,2,2,BOYÉN,11391,8,84,8411
16,161,16106,2,2,19,PASO EL SOLDADO,4530,8,84,8411
16,161,16106,2,2,20,PASO PERALES,5478,8,84,8411
16,161,16106,2,2,21,PATAGUAL,13940,8,84,8411
16,161,16106,2,2,22,PICHILLUANCO,1896,8,84,8411
16,161,16106,2,2,26,ROSAL BAJO,286,8,84,8411
16,161,16106,2,3,4,EL CARDAL,13688,8,84,8411
16,161,16106,2,3,6,EL CIRUELITO,15564,8,84,8411
16,161,16106,2,3,27,SANTA EDUVIGES,15212,8,84,8411
16,161,16106,2,3,15,LOS CANELOS,10941,8,84,8411
16,161,16106,2,3,28,SANTO DOMINGO,14356,8,84,8411
16,161,16106,2,3,29,TEJERÍA,848,8,84,8411
16,161,16106,2,3,30,ZAPALLAR,1357,8,84,8411
16,161,16106,2,4,4,EL CARDAL,3609,8,84,8411
16,161,16106,2,4,6,EL CIRUELITO,11339,8,84,8411
16,161,16106,2,4,12,LAS VEGAS,11346,8,84,8411
16,161,16106,2,4,5,EL CHACAY,10109,8,84,8411
16,161,16106,2,4,7,EL EMPEDRADO,8344,8,84,8411
16,161,16106,2,4,16,LOS HOYOS,9522,8,84,8411
16,161,16106,2,4,14,LOMA ALTA,4611,8,84,8411
16,161,16106,2,5,5,EL CHACAY,1109,8,84,8411
16,161,16106,2,5,3,CAMINO LOS PELLINES,2695,8,84,8411
16,161,16106,2,5,9,LA INVERNADA,13463,8,84,8411
16,161,16106,2,5,10,LAS TERMAS,3126,8,84,8411
16,161,16106,2,5,11,LAS TRANCAS,12300,8,84,8411
16,161,16106,2,5,24,RECINTO,7259,8,84,8411
16,161,16106,2,6,1,ATACALCO,10586,8,84,8411
16,162,16205,1,1,1,,16032,8,84,8412
16,162,16205,2,1,1,ANTEQUEREO,3017,8,84,8412
16,162,16205,2,1,2,BUENOS AIRES,12530,8,84,8412
16,162,16205,2,1,3,CABRERÍA,5751,8,84,8412
16,162,16205,2,1,901,INDETERMINADA,1113,8,84,8412
16,162,16205,2,1,7,GUACALEMU,5514,8,84,8412
16,162,16205,2,1,8,LA POSADA,6506,8,84,8412
16,162,16205,2,1,9,LA QUEBRADA,330,8,84,8412
16,162,16205,2,1,13,LOS MAQUIS,1021,8,84,8412
16,162,16205,2,1,16,ÑIPANTO,6687,8,84,8412
16,162,16205,2,1,18,PANGUILEMU,14863,8,84,8412
16,162,16205,2,1,21,RINCOMÁVIDA,13920,8,84,8412
16,162,16205,2,1,23,TRANCOYÁN,12166,8,84,8412
16,162,16205,2,2,5,CUCHA URREJOLA,15127,8,84,8412
16,162,16205,2,2,6,EL SAUCE,11086,8,84,8412
16,162,16205,2,2,11,LLAHUECUY,9366,8,84,8412
16,162,16205,2,2,901,INDETERMINADA,2312,8,84,8412
16,162,16205,2,2,20,QUITENTO,218,8,84,8412
16,162,16205,2,3,4,CHUDAL,1858,8,84,8412
16,162,16205,2,3,10,LAS NIEVES,13520,8,84,8412
16,162,16205,2,3,9,LA QUEBRADA,9010,8,84,8412
16,162,16205,2,3,13,LOS MAQUIS,15034,8,84,8412
16,162,16205,2,3,16,ÑIPANTO,6786,8,84,8412
16,162,16205,2,3,18,PANGUILEMU,6536,8,84,8412
16,162,16205,2,3,12,LLAHUÉN,5283,8,84,8412
16,162,16205,2,3,901,INDETERMINADA,9335,8,84,8412
16,162,16205,2,3,14,LOS PLANES,8917,8,84,8412
16,162,16205,2,3,15,MEMBRILLAR,5183,8,84,8412
16,162,16205,2,3,17,ORILLA ITATA,13651,8,84,8412
16,161,16107,1,1,1,,14020,8,84,8413
16,161,16107,1,1,2,,5423,8,84,8413
16,161,16107,2,1,36,VILLA LAS MERCEDES,14943,8,84,8413
16,161,16107,1,1,4,,3182,8,84,8413
16,161,16107,1,5,1,,14602,8,84,8413
16,161,16107,1,6,1,,3167,8,84,8413
16,161,16107,2,1,8,CHILLANCITO,3494,8,84,8413
16,161,16107,2,1,13,EL CIÉNAGO,15032,8,84,8413
16,161,16107,2,1,901,INDETERMINADA,9697,8,84,8413
16,161,16107,2,1,30,SAN JUAN DE DIOS,1648,8,84,8413
16,161,16107,2,1,14,EL OLIVAR,13852,8,84,8413
16,161,16107,2,1,3,CAMINO A CERRO NEGRO,5047,8,84,8413
16,161,16107,2,2,4,CANCHILLAS,14745,8,84,8413
16,161,16107,2,2,11,EL ARENAL,2503,8,84,8413
16,161,16107,2,2,12,EL CASINO,7053,8,84,8413
16,161,16107,2,2,15,EL PELEY,10887,8,84,8413
16,161,16107,2,2,16,EL SIFÓN,11342,8,84,8413
16,161,16107,2,2,17,HUACAMALA,10404,8,84,8413
16,161,16107,2,2,18,HUENUCHEO,7886,8,84,8413
16,161,16107,2,2,20,LIUCURA ALTO,8539,8,84,8413
16,161,16107,2,2,21,LIUCURA BAJO,5680,8,84,8413
16,161,16107,2,2,28,SAN EDUARDO,5148,8,84,8413
16,161,16107,2,2,5,CERRO NEGRO,3435,8,84,8413
16,161,16107,2,3,1,BODEUCA,1611,8,84,8413
16,161,16107,2,3,6,CHANCAL,8638,8,84,8413
16,161,16107,2,3,7,CHANCAL ALTO,4398,8,84,8413
16,161,16107,2,3,34,TALCAMÓ,10714,8,84,8413
16,161,16107,2,3,901,INDETERMINADA,15065,8,84,8413
16,161,16107,2,4,901,INDETERMINADA,3741,8,84,8413
16,161,16107,2,4,25,QUEIME,4093,8,84,8413
16,161,16107,2,4,33,SANTA ANA DE BAÚL,4261,8,84,8413
16,161,16107,2,4,35,VEGAS DEL SAUZAL,11642,8,84,8413
16,161,16107,2,5,2,BULLUQUÍN,7501,8,84,8413
16,161,16107,2,5,901,INDETERMINADA,3815,8,84,8413
16,161,16107,2,5,10,COYANCO,12822,8,84,8413
16,161,16107,2,5,14,EL OLIVAR,3251,8,84,8413
16,161,16107,2,5,17,HUACAMALA,509,8,84,8413
16,161,16107,2,6,10,COYANCO,7547,8,84,8413
16,161,16107,2,6,24,PEÑABLANCA,13359,8,84,8413
16,161,16107,2,6,31,SAN RAMÓN,1781,8,84,8413
16,161,16107,2,6,32,SANTA ANA,10632,8,84,8413
16,161,16107,2,6,27,QUITRICO,13068,8,84,8413
16,162,16201,1,1,1,,15173,8,84,8414
16,162,16201,1,1,2,,13413,8,84,8414
16,162,16201,1,1,3,,12810,8,84,8414
16,162,16201,1,4,1,,2221,8,84,8414
16,162,16201,1,4,2,,4753,8,84,8414
16,162,16201,2,1,901,INDETERMINADA,14089,8,84,8414
16,162,16201,2,1,14,EL ARENAL,12075,8,84,8414
16,162,16201,2,1,18,EL GUANACO,10320,8,84,8414
16,162,16201,2,1,55,MENGOL,9431,8,84,8414
16,162,16201,2,1,62,PENCAGUA,253,8,84,8414
16,162,16201,2,1,63,PULILA,5076,8,84,8414
16,162,16201,2,1,37,LA QUINTA,11819,8,84,8414
16,162,16201,2,2,14,EL ARENAL,5343,8,84,8414
16,162,16201,2,2,901,INDETERMINADA,14925,8,84,8414
16,162,16201,2,2,62,PENCAGUA,8361,8,84,8414
16,162,16201,2,2,2,CAJÓN EL MANZANO,7190,8,84,8414
16,162,16201,2,2,10,CONCUYO,11710,8,84,8414
16,162,16201,2,2,20,EL MANZANO,4284,8,84,8414
16,162,16201,2,2,22,EL OLIVO,2177,8,84,8414
16,162,16201,2,2,24,EL PERAL,10042,8,84,8414
16,162,16201,2,2,26,EL RECREO,7066,8,84,8414
16,162,16201,2,2,31,LA AURORA,709,8,84,8414
16,162,16201,2,2,32,LA BALLICA,4625,8,84,8414
16,162,16201,2,2,36,LA QUEBRADA,12572,8,84,8414
16,162,16201,2,2,43,LAS MESAS,1539,8,84,8414
16,162,16201,2,2,45,LLOLLEHUE,14317,8,84,8414
16,162,16201,2,2,49,LOS TEMOS,15236,8,84,8414
16,162,16201,2,2,59,PACHAGUA,1999,8,84,8414
16,162,16201,2,2,67,RENTOCURA,1073,8,84,8414
16,162,16201,2,2,69,SALAMANCA,10431,8,84,8414
16,162,16201,2,2,72,SAN JUAN DE DIOS,15366,8,84,8414
16,162,16201,2,2,78,SANTA ELENA,8166,8,84,8414
16,162,16201,2,2,79,SANTA ISABEL,3364,8,84,8414
16,162,16201,2,2,80,SANTA ROSA,9914,8,84,8414
16,162,16201,2,2,83,VEGAS VERDES,11998,8,84,8414
16,162,16201,2,2,70,SAN ANTONIO,8646,8,84,8414
16,162,16201,2,3,10,CONCUYO,8808,8,84,8414
16,162,16201,2,3,83,VEGAS VERDES,5312,8,84,8414
16,162,16201,2,3,4,CASABLANCA,15607,8,84,8414
16,162,16201,2,3,901,INDETERMINADA,12696,8,84,8414
16,162,16201,2,3,6,CERRO COIQUÉN,12652,8,84,8414
16,162,16201,2,3,9,COIQUÉN,7888,8,84,8414
16,162,16201,2,3,33,LA HORCA,1755,8,84,8414
16,162,16201,2,3,53,MANQUIMILIÚ,10206,8,84,8414
16,162,16201,2,4,901,INDETERMINADA,7448,8,84,8414
16,162,16201,2,4,21,EL MIRADOR,1621,8,84,8414
16,162,16201,2,4,29,GUAIRAVO,432,8,84,8414
16,162,16201,2,4,48,LOS REMATES,3177,8,84,8414
16,162,16201,2,4,64,QUILE,11830,8,84,8414
16,162,16201,2,4,77,SANTA CRUZ,1127,8,84,8414
16,162,16201,2,4,84,ZORZAL BLANCO,13611,8,84,8414
16,162,16201,2,5,901,INDETERMINADA,2007,8,84,8414
16,162,16201,2,5,48,LOS REMATES,1521,8,84,8414
16,162,16201,2,5,1,AGUAMANIL,7159,8,84,8414
16,162,16201,2,5,3,CALQUÍN,5348,8,84,8414
16,162,16201,2,5,12,CULENCO,10351,8,84,8414
16,162,16201,2,5,13,EL ÁLAMO,9106,8,84,8414
16,162,16201,2,5,19,EL MAGGI,12722,8,84,8414
16,162,16201,2,5,25,EL PILME,6041,8,84,8414
16,162,16201,2,5,30,HUEDQUE,3969,8,84,8414
16,162,16201,2,5,39,LA TRANQUILIDAD,479,8,84,8414
16,162,16201,2,5,40,LAS CHACARILLAS,1225,8,84,8414
16,162,16201,2,5,41,LAS DELICIAS,1461,8,84,8414
16,162,16201,2,5,50,LOS TREILES,2882,8,84,8414
16,162,16201,2,5,65,QUIÑICAVÉN,2030,8,84,8414
16,162,16201,2,5,68,RISCO DEL LEÓN,13497,8,84,8414
16,162,16201,2,5,73,SAN JUAN LA RAYA,4819,8,84,8414
16,162,16201,2,5,75,SANTA APOLONIA,9665,8,84,8414
16,162,16201,2,6,901,INDETERMINADA,13459,8,84,8414
16,162,16201,2,6,81,TAIMO,14368,8,84,8414
16,162,16201,2,6,77,SANTA CRUZ,7947,8,84,8414
16,162,16201,2,6,84,ZORZAL BLANCO,13406,8,84,8414
16,162,16201,2,6,17,EL DURAZNO,4426,8,84,8414
16,162,16201,2,6,23,EL PAJONAL,5589,8,84,8414
16,162,16201,2,6,41,LAS DELICIAS,12084,8,84,8414
16,162,16201,2,6,15,EL CHAMIZAL,7253,8,84,8414
16,162,16201,2,6,27,EL TOLLO,14641,8,84,8414
16,162,16201,2,6,35,LA PILA,14785,8,84,8414
16,162,16201,2,6,82,TOCOTU,5213,8,84,8414
16,162,16201,2,6,58,NINQUIHUA,10972,8,84,8414
16,162,16206,1,1,1,,13220,8,84,8415
16,162,16206,2,1,5,CARRIZALES,10486,8,84,8415
16,162,16206,2,1,6,CEMENTERIO,11144,8,84,8415
16,162,16206,2,1,9,COLERAL,7128,8,84,8415
16,162,16206,2,1,13,EL CENTRO,4305,8,84,8415
16,162,16206,2,1,19,LA CONCEPCIÓN,10390,8,84,8415
16,162,16206,2,1,22,LAS ROSAS,263,8,84,8415
16,162,16206,2,1,23,LOMAS COLORADAS,14150,8,84,8415
16,162,16206,2,1,24,MANZANAL,8262,8,84,8415
16,162,16206,2,1,901,INDETERMINADA,1337,8,84,8415
16,162,16206,2,1,25,NAVAS,15200,8,84,8415
16,162,16206,2,1,26,NUEVA ALDEA,2782,8,84,8415
16,162,16206,2,1,29,PASO HONDO,9917,8,84,8415
16,162,16206,2,1,31,PUEBLO VIEJO,9729,8,84,8415
16,162,16206,2,1,32,PUENTE AMARILLO,8424,8,84,8415
16,162,16206,2,1,33,QUITRICO,9602,8,84,8415
16,162,16206,2,1,36,SAN IGNACIO DE PALOMARES,13993,8,84,8415
16,162,16206,2,1,37,UVAS BLANCAS,11961,8,84,8415
16,162,16206,2,1,38,VEGAS DE CONCHA,5592,8,84,8415
16,162,16206,2,1,18,GUAPE,10647,8,84,8415
16,162,16206,2,2,901,INDETERMINADA,12228,8,84,8415
16,162,16206,2,2,5,CARRIZALES,13705,8,84,8415
16,162,16206,2,2,36,SAN IGNACIO DE PALOMARES,10079,8,84,8415
16,162,16206,2,2,2,BULARCO,6521,8,84,8415
16,162,16206,2,2,4,CAPILLA DE RÁNQUIL,15330,8,84,8415
16,162,16206,2,2,11,CRUZ DE SAN JOSÉ,8862,8,84,8415
16,162,16206,2,2,14,EL LAUREL,5775,8,84,8415
16,162,16206,2,2,15,EL MILAGRO,11482,8,84,8415
16,162,16206,2,2,16,EL QUILO,12876,8,84,8415
16,162,16206,2,2,20,LA RAYA,4614,8,84,8415
16,162,16206,2,2,28,PASO DE LEÓN,12611,8,84,8415
16,162,16206,2,2,30,PEÑABLANCA,12731,8,84,8415
16,162,16206,2,2,34,RAHUIL BAJO,3753,8,84,8415
16,162,16206,2,2,35,RINCONADA,8683,8,84,8415
16,162,16206,2,3,36,SAN IGNACIO DE PALOMARES,15568,8,84,8415
16,162,16206,2,3,2,BULARCO,4677,8,84,8415
16,162,16206,2,3,1,BATUCO,1577,8,84,8415
16,162,16206,2,3,3,CANCHA LOS BOTONES,8906,8,84,8415
16,162,16206,2,3,7,CERRO VERDE,6229,8,84,8415
16,162,16206,2,3,8,CHECURA,15054,8,84,8415
16,162,16206,2,3,12,EL BARCO,15060,8,84,8415
16,162,16206,2,3,17,GALPÓN,7346,8,84,8415
16,162,16206,2,3,21,LAS ÁGUILAS,1209,8,84,8415
16,163,16301,1,1,1,,15529,8,84,8416
16,163,16301,1,1,2,,10892,8,84,8416
16,163,16301,1,1,3,,11143,8,84,8416
16,163,16301,1,1,4,,11408,8,84,8416
16,163,16301,1,2,1,,1834,8,84,8416
16,163,16301,1,2,2,,5927,8,84,8416
16,163,16301,1,2,3,,7613,8,84,8416
16,163,16301,1,3,1,,2364,8,84,8416
16,163,16301,1,4,1,,15627,8,84,8416
16,163,16301,1,4,2,,5583,8,84,8416
16,163,16301,1,6,1,,9041,8,84,8416
16,163,16301,2,8,3,CACHAPOAL,455,8,84,8416
16,163,16301,1,9,1,,11680,8,84,8416
16,163,16301,1,10,1,,9012,8,84,8416
16,163,16301,2,1,4,CAMARICO,8293,8,84,8416
16,163,16301,2,1,19,EL CRUCERO,10982,8,84,8416
16,163,16301,2,1,26,GAONA,7909,8,84,8416
16,163,16301,2,1,29,JUNQUILLO,7949,8,84,8416
16,163,16301,2,1,54,RANCHILLO,4281,8,84,8416
16,163,16301,2,1,32,LAS BRISAS,7945,8,84,8416
16,163,16301,2,1,34,LAS GARZAS,8677,8,84,8416
16,163,16301,2,1,36,LAS MERCEDES,13632,8,84,8416
16,163,16301,2,1,53,QUINQUEGUA,15593,8,84,8416
16,163,16301,2,1,74,TRILICO,933,8,84,8416
16,163,16301,2,1,75,VERQUICO,11064,8,84,8416
16,163,16301,2,3,25,EL TREILE,2398,8,84,8416
16,163,16301,2,3,46,NINQUIHUE,11749,8,84,8416
16,163,16301,2,3,901,INDETERMINADA,12019,8,84,8416
16,163,16301,2,3,63,SAN MIGUEL DE ABLEMO,8354,8,84,8416
16,163,16301,2,3,65,SAN PEDRO DE LILAHUE,5222,8,84,8416
16,163,16301,2,4,36,LAS MERCEDES,7230,8,84,8416
16,163,16301,2,4,63,SAN MIGUEL DE ABLEMO,10086,8,84,8416
16,163,16301,2,4,17,EL ARROYO,2391,8,84,8416
16,163,16301,2,4,30,LA MERCED,3462,8,84,8416
16,163,16301,2,4,901,INDETERMINADA,8425,8,84,8416
16,163,16301,2,4,60,SAN JORGE,4156,8,84,8416
16,163,16301,2,4,19,EL CRUCERO,8339,8,84,8416
16,163,16301,2,4,48,PLACILLA,6706,8,84,8416
16,163,16301,2,5,65,SAN PEDRO DE LILAHUE,13101,8,84,8416
16,163,16301,2,5,901,INDETERMINADA,2994,8,84,8416
16,163,16301,2,5,11,COCHARCAS,16031,8,84,8416
16,163,16301,2,5,41,MENELHUE,7436,8,84,8416
16,163,16301,2,5,67,SANTA ISABEL,1591,8,84,8416
16,163,16301,2,5,69,SANTA ROSA,10990,8,84,8416
16,163,16301,2,5,21,EL PERAL,11806,8,84,8416
16,163,16301,2,6,46,NINQUIHUE,4580,8,84,8416
16,163,16301,2,6,57,SAN CAMILO,15277,8,84,8416
16,163,16301,2,6,11,COCHARCAS,5614,8,84,8416
16,163,16301,2,6,41,MENELHUE,4233,8,84,8416
16,163,16301,2,6,67,SANTA ISABEL,3395,8,84,8416
16,163,16301,2,6,13,CUADRAPANGUE,15190,8,84,8416
16,163,16301,2,6,43,MONTE BLANCO,5639,8,84,8416
16,163,16301,2,6,52,QUILELTO,8796,8,84,8416
16,163,16301,2,6,66,SANTA FILOMENA,14216,8,84,8416
16,163,16301,2,7,43,MONTE BLANCO,7453,8,84,8416
16,163,16301,2,7,901,INDETERMINADA,9099,8,84,8416
16,163,16301,2,7,24,EL TORREÓN,10444,8,84,8416
16,163,16301,2,7,33,LAS DUMAS,7875,8,84,8416
16,163,16301,2,7,44,MUTICURA,6883,8,84,8416
16,163,16301,2,7,62,SAN LUIS DE POMUYETO,3195,8,84,8416
16,163,16301,2,7,39,LOS NARANJOS,12625,8,84,8416
16,163,16301,2,8,18,EL CARBÓN,1020,8,84,8416
16,163,16301,2,8,47,PASO ANCHO,2718,8,84,8416
16,163,16301,2,8,51,QUIGUA,15950,8,84,8416
16,163,16301,2,8,55,RIBERA DE ÑUBLE,5888,8,84,8416
16,163,16301,2,8,73,TRES ESQUINAS,2803,8,84,8416
16,163,16301,2,9,25,EL TREILE,7911,8,84,8416
16,163,16301,2,9,44,MUTICURA,14779,8,84,8416
16,163,16301,2,9,62,SAN LUIS DE POMUYETO,464,8,84,8416
16,163,16301,2,9,68,SANTA LAURA,1313,8,84,8416
16,163,16301,2,9,49,POMUYETO,777,8,84,8416
16,163,16301,2,9,73,TRES ESQUINAS,1723,8,84,8416
16,163,16301,2,9,6,CARÁN,12600,8,84,8416
16,163,16301,2,9,22,EL ROSARIO,14868,8,84,8416
16,163,16301,2,9,23,EL SAUCE,6907,8,84,8416
16,163,16301,2,9,31,LAS ARBOLEDAS,11396,8,84,8416
16,163,16301,2,9,901,INDETERMINADA,102,8,84,8416
16,163,16301,2,9,38,LLAHUIMÁVIDA,10062,8,84,8416
16,163,16301,2,9,45,MUTUPÍN,13850,8,84,8416
16,163,16301,2,9,56,SAN AGUSTÍN,12476,8,84,8416
16,163,16301,2,10,26,GAONA,4321,8,84,8416
16,163,16301,2,10,49,POMUYETO,8136,8,84,8416
16,163,16301,2,10,23,EL SAUCE,12420,8,84,8416
16,163,16301,2,10,38,LLAHUIMÁVIDA,13211,8,84,8416
16,163,16301,2,10,45,MUTUPÍN,336,8,84,8416
16,163,16301,2,10,1,AGUA BUENA,6862,8,84,8416
16,163,16301,2,10,2,BULI,11535,8,84,8416
16,163,16301,2,10,5,CAPE,8230,8,84,8416
16,163,16301,2,10,20,EL PEÑÓN,6314,8,84,8416
16,163,16301,2,10,59,SAN FERNANDO,12521,8,84,8416
16,163,16301,2,10,60,SAN JORGE,924,8,84,8416
16,163,16301,2,11,26,GAONA,9259,8,84,8416
16,163,16301,2,11,75,VERQUICO,44,8,84,8416
16,163,16301,2,11,2,BULI,7631,8,84,8416
16,163,16301,2,11,42,MILLAUQUÉN,4800,8,84,8416
16,163,16301,2,11,901,INDETERMINADA,974,8,84,8416
16,163,16301,2,11,64,SAN NICANOR,4492,8,84,8416
16,163,16301,2,12,74,TRILICO,3176,8,84,8416
16,163,16301,2,12,75,VERQUICO,14086,8,84,8416
16,163,16301,2,12,901,INDETERMINADA,12202,8,84,8416
16,163,16301,2,12,42,MILLAUQUÉN,9650,8,84,8416
16,163,16301,2,12,8,CHANGARAL,6903,8,84,8416
16,163,16301,2,12,7,CERRILLOS,58,8,84,8416
16,163,16301,2,13,10,CHIPANCO,2389,8,84,8416
16,163,16301,2,13,14,CULENCO,14148,8,84,8416
16,163,16301,2,13,15,CURIMÓN,1179,8,84,8416
16,163,16301,2,13,16,DIUCALEMU,11167,8,84,8416
16,163,16301,2,13,35,LAS JUNTAS,13551,8,84,8416
16,163,16301,2,13,37,LIRCAY,1243,8,84,8416
16,163,16301,2,13,50,PUYAMÁVIDA,8206,8,84,8416
16,163,16301,2,13,70,TOQUIGUA,9120,8,84,8416
16,163,16301,2,13,901,INDETERMINADA,9003,8,84,8416
16,163,16301,2,13,71,TORRECILLAS,8838,8,84,8416
16,163,16301,2,13,76,VIDIHUE,9782,8,84,8416
16,163,16301,2,13,9,CHICALINDO,2193,8,84,8416
16,163,16301,2,13,78,VILQUICO,12175,8,84,8416
16,163,16301,2,14,901,INDETERMINADA,6491,8,84,8416
16,163,16301,2,14,12,COLOMÁVIDA,13616,8,84,8416
16,163,16301,2,14,27,GUAIPEMO,1836,8,84,8416
16,163,16301,2,14,61,SAN JOSÉ,2142,8,84,8416
16,163,16301,1,99,999,,4648,8,84,8416
16,163,16304,1,3,1,,9075,8,84,8417
16,163,16304,2,1,5,EL PALO,6843,8,84,8417
16,163,16304,2,1,901,INDETERMINADA,10421,8,84,8417
16,163,16304,2,1,8,LA MONTAÑA,5071,8,84,8417
16,163,16304,2,1,15,PASO ANCHO,10512,8,84,8417
16,163,16304,2,1,7,FLOR DE QUIHUA,7001,8,84,8417
16,163,16304,2,2,2,EL DURAZNO,12386,8,84,8417
16,163,16304,2,2,19,TRABUNCURA,9194,8,84,8417
16,163,16304,2,3,3,EL MACAL,3630,8,84,8417
16,163,16304,2,3,16,PICHINAL,11865,8,84,8417
16,163,16304,2,3,4,EL MAITENAL,5921,8,84,8417
16,163,16304,2,3,9,LA MORTANDAD,15323,8,84,8417
16,163,16304,2,3,10,LA VEGA,3151,8,84,8417
16,163,16304,2,3,11,LAS GUARDIAS,5741,8,84,8417
16,163,16304,2,3,18,SAN FABIÁN,12275,8,84,8417
16,163,16304,2,4,1,EL CARACOL,12003,8,84,8417
16,163,16304,2,4,14,LOS SAUCES,7363,8,84,8417
16,163,16304,2,4,13,LOS PUQUIOS,16053,8,84,8417
16,163,16304,2,4,17,PICHIRRINCÓN,7569,8,84,8417
16,163,16304,2,5,6,EL ROBLE,6923,8,84,8417
16,163,16304,2,5,14,LOS SAUCES,9827,8,84,8417
16,163,16304,2,5,17,PICHIRRINCÓN,10203,8,84,8417
16,161,16108,1,1,1,,14410,8,84,8418
16,161,16108,1,5,1,,14468,8,84,8418
16,161,16108,1,6,1,,14723,8,84,8418
16,161,16108,2,1,3,COLTÓN,10696,8,84,8418
16,161,16108,2,1,11,LA GREDA,2499,8,84,8418
16,161,16108,2,1,23,MAULE,11954,8,84,8418
16,161,16108,2,1,25,MECO,5577,8,84,8418
16,161,16108,2,1,26,MONTAÑA GARAY,4655,8,84,8418
16,161,16108,2,1,31,SAN IGNACIO,12744,8,84,8418
16,161,16108,2,2,25,MECO,4439,8,84,8418
16,161,16108,2,2,4,COTRAUCO,9360,8,84,8418
16,161,16108,2,2,8,EL COIHUE,8476,8,84,8418
16,161,16108,2,2,12,LARQUI,3551,8,84,8418
16,161,16108,2,2,14,LARQUI ORIENTE,5357,8,84,8418
16,161,16108,2,3,25,MECO,3128,8,84,8418
16,161,16108,2,3,27,PERALILLO,15932,8,84,8418
16,161,16108,2,3,13,LARQUI CHICO,8908,8,84,8418
16,161,16108,2,3,15,LAS CIFUENTES,13078,8,84,8418
16,161,16108,2,3,20,LOS MAQUIS,2277,8,84,8418
16,161,16108,2,3,24,MAYULERMO,13565,8,84,8418
16,161,16108,2,3,32,SAN MIGUEL,3676,8,84,8418
16,161,16108,2,3,33,SAN PEDRO,13086,8,84,8418
16,161,16108,2,4,3,COLTÓN,7685,8,84,8418
16,161,16108,2,4,26,MONTAÑA GARAY,8395,8,84,8418
16,161,16108,2,4,24,MAYULERMO,4579,8,84,8418
16,161,16108,2,4,901,INDETERMINADA,6146,8,84,8418
16,161,16108,2,4,6,EL CALVARIO,10630,8,84,8418
16,161,16108,2,4,18,LAS TRELENCAS,10158,8,84,8418
16,161,16108,2,4,34,SANTA JUANA,11418,8,84,8418
16,161,16108,2,4,37,VISTA BELLA,11571,8,84,8418
16,161,16108,2,4,38,ZAPALLAR,2081,8,84,8418
16,161,16108,2,5,11,LA GREDA,13347,8,84,8418
16,161,16108,2,5,26,MONTAÑA GARAY,7285,8,84,8418
16,161,16108,2,5,37,VISTA BELLA,11916,8,84,8418
16,161,16108,2,5,1,CALLE ALEGRE,7083,8,84,8418
16,161,16108,2,5,16,LAS PIEDRAS,9202,8,84,8418
16,161,16108,2,5,17,LAS QUILAS,12449,8,84,8418
16,161,16108,2,5,22,LOURDES,6012,8,84,8418
16,161,16108,2,5,28,PUEBLO SECO,15642,8,84,8418
16,161,16108,2,5,29,QUIRIQUINA,6920,8,84,8418
16,161,16108,1,5,2,,8844,8,84,8418
16,161,16108,2,5,30,SAN ANTONIO,14534,8,84,8418
16,161,16108,2,6,3,COLTÓN,15824,8,84,8418
16,161,16108,2,6,901,INDETERMINADA,8338,8,84,8418
16,161,16108,2,6,28,PUEBLO SECO,8588,8,84,8418
16,161,16108,1,6,2,,2255,8,84,8418
16,161,16108,2,6,29,QUIRIQUINA,5498,8,84,8418
16,161,16108,2,6,2,CANTARRANA,14163,8,84,8418
16,161,16108,2,6,5,DIGUILLÍN,15231,8,84,8418
16,161,16108,2,6,9,EL LUCERO,8857,8,84,8418
16,161,16108,2,6,10,LA ERMITA,3053,8,84,8418
16,161,16108,2,6,19,LOS CANELOS,1072,8,84,8418
16,161,16108,2,6,21,LOS ROBLES,3732,8,84,8418
16,161,16108,2,6,35,SELVA NEGRA,10128,8,84,8418
16,161,16108,2,6,36,SIMÓN BOLIVAR,15736,8,84,8418
16,163,16305,1,2,1,,13563,8,84,8419
16,163,16305,1,6,1,,6834,8,84,8419
16,163,16305,2,1,2,BELLAVISTA,2541,8,84,8419
16,163,16305,2,1,6,CHANGARAL ALTO,6986,8,84,8419
16,163,16305,2,1,26,LAJUELAS,6976,8,84,8419
16,163,16305,2,1,28,LLEQUÉN,5552,8,84,8419
16,163,16305,2,1,30,LONQUÉN,10155,8,84,8419
16,163,16305,2,1,32,LOS MONTES,705,8,84,8419
16,163,16305,2,1,22,HUAMPULI,2295,8,84,8419
16,163,16305,2,1,46,QUILLAHUE,27,8,84,8419
16,163,16305,2,2,901,INDETERMINADA,9441,8,84,8419
16,163,16305,2,2,30,LONQUÉN,4014,8,84,8419
16,163,16305,2,2,32,LOS MONTES,1559,8,84,8419
16,163,16305,2,2,46,QUILLAHUE,2474,8,84,8419
16,163,16305,2,2,3,CARIPOCO,9995,8,84,8419
16,163,16305,2,2,10,COIPÍN,398,8,84,8419
16,163,16305,2,2,19,GUAIHUE,13357,8,84,8419
16,163,16305,2,2,38,PANGUILEMU,10806,8,84,8419
16,163,16305,2,2,47,QUILLINCO,7561,8,84,8419
16,163,16305,2,2,48,QUIÑIGUAO,13316,8,84,8419
16,163,16305,2,2,56,SANTA JULIA,13897,8,84,8419
16,163,16305,2,2,59,TOTORAL,7713,8,84,8419
16,163,16305,2,2,62,VIDICO,2610,8,84,8419
16,163,16305,2,2,25,LAJUELA,12893,8,84,8419
16,163,16305,2,3,901,INDETERMINADA,12230,8,84,8419
16,163,16305,2,3,10,COIPÍN,10101,8,84,8419
16,163,16305,2,3,5,CHANGARAL,14398,8,84,8419
16,163,16305,2,3,8,CHICALINDO,13363,8,84,8419
16,163,16305,2,3,13,DIUCALEMU,15303,8,84,8419
16,163,16305,2,3,24,LA MARAVILLA,3021,8,84,8419
16,163,16305,2,3,43,PUYAMÁVIDA,7292,8,84,8419
16,163,16305,2,3,19,GUAIHUE,15259,8,84,8419
16,163,16305,2,4,5,CHANGARAL,5559,8,84,8419
16,163,16305,2,4,901,INDETERMINADA,15389,8,84,8419
16,163,16305,2,4,45,PUYARAL ALTO,11675,8,84,8419
16,163,16305,2,4,49,SAN JORGE,3098,8,84,8419
16,163,16305,2,4,51,SAN MATEO,15758,8,84,8419
16,163,16305,2,4,60,TRILICO,6644,8,84,8419
16,163,16305,2,4,35,MONTE ATRAVESADO,143,8,84,8419
16,163,16305,2,4,14,EL ALMENDRO,9625,8,84,8419
16,163,16305,2,4,39,PEÑA SANTA ROSA,6438,8,84,8419
16,163,16305,2,5,27,LILAHUE,15544,8,84,8419
16,163,16305,2,5,15,EL MANZANO,5729,8,84,8419
16,163,16305,2,5,20,GUAMPANGUE,5461,8,84,8419
16,163,16305,2,5,36,MONTE LEÓN,13816,8,84,8419
16,163,16305,2,5,44,PUYARAL,1594,8,84,8419
16,163,16305,2,5,23,HUERTO BONITO,1132,8,84,8419
16,163,16305,2,5,31,LOS AROMOS,7005,8,84,8419
16,163,16305,2,5,33,LOS SAUCES,2737,8,84,8419
16,163,16305,2,5,53,SAN PEDRO LILAHUE,5805,8,84,8419
16,163,16305,2,5,50,SAN JOSÉ,10330,8,84,8419
16,163,16305,2,5,16,EL MANZANO NORTE,9318,8,84,8419
16,163,16305,2,6,15,EL MANZANO,1096,8,84,8419
16,163,16305,2,6,9,COCHARCAS,10070,8,84,8419
16,163,16305,2,6,12,DADINCO,3518,8,84,8419
16,163,16305,2,6,23,HUERTO BONITO,11593,8,84,8419
16,163,16305,2,6,901,INDETERMINADA,6513,8,84,8419
16,163,16305,2,6,1,BAJO EL MEMBRILLO,2668,8,84,8419
16,163,16305,2,6,4,CARRETERA N50,3750,8,84,8419
16,163,16305,2,6,29,LOMAS DE PUYARAL,11437,8,84,8419
16,163,16305,2,6,44,PUYARAL,9745,8,84,8419
16,163,16305,2,6,37,MONTE LEÓN SUR,6668,8,84,8419
16,163,16305,2,6,57,SANTA LAURA,15449,8,84,8419
16,163,16305,2,6,54,SANTA ANA,14304,8,84,8419
16,163,16305,2,7,901,INDETERMINADA,12539,8,84,8419
16,163,16305,2,7,40,PINTÚ,2140,8,84,8419
16,163,16305,2,7,41,PUENTE EL ALA,2226,8,84,8419
16,163,16305,2,7,7,CHANGARAL SUR,13788,8,84,8419
16,163,16305,2,7,17,EL PEUMO,12026,8,84,8419
16,163,16305,2,7,18,EL SAUCE,10667,8,84,8419
16,163,16305,2,7,34,LUCUMÁVIDA,2966,8,84,8419
16,163,16305,2,7,11,CURICA,9772,8,84,8419
16,163,16305,2,7,6,CHANGARAL ALTO,6122,8,84,8419
16,162,16207,1,2,1,,4328,8,84,8420
16,162,16207,2,1,2,BOCA ITATA,3157,8,84,8420
16,162,16207,2,1,12,EL MANZANO,8453,8,84,8420
16,162,16207,2,1,26,MELA,2932,8,84,8420
16,162,16207,2,1,29,MOLLIGUA,3950,8,84,8420
16,162,16207,2,1,33,PUAHÚN,7557,8,84,8420
16,162,16207,2,1,35,QUILPOLEMU,1556,8,84,8420
16,162,16207,2,1,37,SALAMANCA,9668,8,84,8420
16,162,16207,2,2,1,ANTIQUEREO,2555,8,84,8420
16,162,16207,2,2,3,BUENA FE,6157,8,84,8420
16,162,16207,2,2,901,INDETERMINADA,14332,8,84,8420
16,162,16207,2,2,7,CERRO ALTO,8016,8,84,8420
16,162,16207,2,2,10,EL AROMO,2491,8,84,8420
16,162,16207,2,2,13,EL RINCÓN,10416,8,84,8420
16,162,16207,2,2,14,GOROPEUMO,8615,8,84,8420
16,162,16207,2,2,15,HERNÁN BRAÑAS,1715,8,84,8420
16,162,16207,2,2,16,ILLOQUILQUE,9717,8,84,8420
16,162,16207,2,2,18,LA HIGUERA,6936,8,84,8420
16,162,16207,2,2,19,LA LAGUNA,298,8,84,8420
16,162,16207,2,2,21,LA QUEBRADA,7818,8,84,8420
16,162,16207,2,2,23,LOS PELLINES,6722,8,84,8420
16,162,16207,2,2,24,LOS RARINES,903,8,84,8420
16,162,16207,2,2,25,MAITENCO,10728,8,84,8420
16,162,16207,2,2,30,PACHAGUA,10765,8,84,8420
16,162,16207,2,2,31,PANIAGUA,9857,8,84,8420
16,162,16207,2,2,34,PURALIHUE,13299,8,84,8420
16,162,16207,2,2,36,RÁNQUIL,4708,8,84,8420
16,162,16207,2,2,38,TAUCO,15754,8,84,8420
16,162,16207,2,2,39,TOMÉ CHICO,4576,8,84,8420
16,162,16207,2,2,43,VALLE ALEGRE,854,8,84,8420
16,162,16207,2,3,7,CERRO ALTO,13856,8,84,8420
16,162,16207,2,3,18,LA HIGUERA,13009,8,84,8420
16,162,16207,2,3,27,MINAS DE LEUQUE,6096,8,84,8420
16,162,16207,2,3,31,PANIAGUA,13820,8,84,8420
16,162,16207,2,3,901,INDETERMINADA,12398,8,84,8420
16,162,16207,2,3,5,CAÑA DULCE,14055,8,84,8420
16,162,16207,2,3,8,CHUDAL CHICO,11670,8,84,8420
16,162,16207,2,3,11,EL ARRAYÁN,12989,8,84,8420
16,162,16207,2,3,20,LA LAGUNA SUR,10081,8,84,8420
16,162,16207,2,3,22,LAS NIEVES,3649,8,84,8420
16,162,16207,2,3,32,PATAGUAL,13221,8,84,8420
16,162,16207,2,3,40,TORREÓN BAJO,4840,8,84,8420
16,162,16207,2,3,41,TRANCOYÁN,4160,8,84,8420
16,161,16109,1,1,1,,2752,8,84,8421
16,161,16109,1,1,2,,13956,8,84,8421
16,161,16109,1,2,1,,6043,8,84,8421
16,161,16109,1,3,1,,8602,8,84,8421
16,161,16109,1,4,1,,14192,8,84,8421
16,161,16109,1,8,1,,8093,8,84,8421
16,161,16109,1,9,1,,2569,8,84,8421
16,161,16109,1,10,1,,15898,8,84,8421
16,161,16109,2,1,12,EL CARDAL,12838,8,84,8421
16,161,16109,2,1,26,LOS CASTAÑOS,12668,8,84,8421
16,161,16109,2,1,901,INDETERMINADA,2727,8,84,8421
16,161,16109,2,1,56,VILLA PARÍS,10514,8,84,8421
16,161,16109,2,1,45,SAN JOSÉ UNO,10505,8,84,8421
16,161,16109,2,2,4,CHILLANCITO,13746,8,84,8421
16,161,16109,2,2,7,CHOLGUÁN NORTE,9136,8,84,8421
16,161,16109,2,2,901,INDETERMINADA,14709,8,84,8421
16,161,16109,2,2,29,LOS NOGALES,14811,8,84,8421
16,161,16109,2,2,36,PEDREGAL,718,8,84,8421
16,161,16109,2,2,40,RINCONADA DE ITATA,14611,8,84,8421
16,161,16109,2,3,12,EL CARDAL,204,8,84,8421
16,161,16109,2,3,901,INDETERMINADA,15022,8,84,8421
16,161,16109,2,3,25,LOMA ATRAVESADA,5513,8,84,8421
16,161,16109,2,3,28,LOS MAYOS,8251,8,84,8421
16,161,16109,2,3,41,ROBLERÍA,4441,8,84,8421
16,161,16109,2,3,42,SAN ANTONIO,7344,8,84,8421
16,161,16109,2,4,12,EL CARDAL,5425,8,84,8421
16,161,16109,2,4,25,LOMA ATRAVESADA,9196,8,84,8421
16,161,16109,2,4,28,LOS MAYOS,7572,8,84,8421
16,161,16109,2,4,42,SAN ANTONIO,11384,8,84,8421
16,161,16109,2,4,13,EL CASTILLO,3641,8,84,8421
16,161,16109,2,4,27,LOS LAURELES,4692,8,84,8421
16,161,16109,2,4,901,INDETERMINADA,12169,8,84,8421
16,161,16109,2,4,35,PANQUEQUILLO,12177,8,84,8421
16,161,16109,2,4,43,SAN ANTONIO ALTO,15283,8,84,8421
16,161,16109,2,4,24,LAS CRUCES,11323,8,84,8421
16,161,16109,2,5,901,INDETERMINADA,15240,8,84,8421
16,161,16109,2,5,10,EL AVELLANO,4073,8,84,8421
16,161,16109,2,6,901,INDETERMINADA,1525,8,84,8421
16,161,16109,2,6,50,SANTA LUCÍA BAJO,5528,8,84,8421
16,161,16109,2,7,1,BASTÍAS,8760,8,84,8421
16,161,16109,2,7,901,INDETERMINADA,6006,8,84,8421
16,161,16109,2,7,15,EL PELLÍN,14916,8,84,8421
16,161,16109,2,7,22,LA INVERNADA,6017,8,84,8421
16,161,16109,2,7,33,PALLAHUALA,12083,8,84,8421
16,161,16109,2,8,901,INDETERMINADA,1159,8,84,8421
16,161,16109,2,8,8,CURAPASO,9069,8,84,8421
16,161,16109,2,8,11,EL BODEGÓN,13622,8,84,8421
16,161,16109,2,8,31,LOS PÚQUIOS,5240,8,84,8421
16,161,16109,2,8,46,SAN MIGUEL,7746,8,84,8421
16,161,16109,2,8,14,EL CHACAY,7150,8,84,8421
16,161,16109,2,9,2,CAMPANARIO,8380,8,84,8421
16,161,16109,2,9,5,CHOLGUÁN,10797,8,84,8421
16,161,16109,2,9,38,RANCHILLO,13446,8,84,8421
16,161,16109,2,9,47,SAN MIGUEL DE ITATA,3802,8,84,8421
16,161,16109,2,10,5,CHOLGUÁN,2345,8,84,8421
16,161,16109,2,10,16,EL ROBLE,12930,8,84,8421
16,161,16109,2,10,19,LA CABAÑA,2194,8,84,8421
16,161,16109,2,10,21,LA HIGUERA,9500,8,84,8421
16,161,16109,2,10,23,LA PALMA,3528,8,84,8421
16,161,16109,2,10,901,INDETERMINADA,15318,8,84,8421
16,161,16109,2,10,51,SANTA TERESA,260,8,84,8421
16,161,16109,2,10,2,CAMPANARIO,11709,8,84,8421
16,161,16109,1,99,999,,388,8,84,8421
16,161,16101,2,11,22,LLUANCO,6129,8,84,8401
16,162,16201,2,5,84,ZORZAL BLANCO,7884,8,84,8414
16,161,16109,2,10,53,SIBERIA,13579,8,84,8421
16,161,16101,1,99,999,,4633,8,84,8401
16,161,16102,1,99,999,,13680,8,84,8402
16,161,16104,1,99,999,,14677,8,84,8407
16,163,16303,1,99,999,,10994,8,84,8409
16,162,16201,1,99,999,,15906,8,84,8414
16,162,16203,1,99,999,,12659,8,84,8404
16,161,16103,1,99,999,,3402,8,84,8406
16,162,16204,1,99,999,,10574,8,84,8408
16,161,16107,1,99,999,,10737,8,84,8413
16,163,16304,1,99,999,,2470,8,84,8417
16,161,16105,1,99,999,,11948,8,84,8410
16,161,16106,1,99,999,,14574,8,84,8411
16,162,16205,1,99,999,,15407,8,84,8412
16,162,16206,1,99,999,,14085,8,84,8415
16,161,16108,1,99,999,,14578,8,84,8418
